Workbook

Sheet Dashboard
A1: PR. 2 ANALYZER | SALES DASHBOARD
A2: Simulated dataset based on the attached screenshot; replace Dataset rows with the original source to use actual results.
A4: TOTAL SALES | D4: TOTAL PROFIT | G4: TRANSACTIONS | J4: AVG DISCOUNT
A5: =SUM(Dataset!$E$2:$E$201) -> 200716.28 | D5: =SUM(Dataset!$I$2:$I$201) -> 47821.38 | G5: =COUNT(Dataset!$E$2:$E$201) -> 200 | J5: =AVERAGE(Dataset!$G$2:$G$201) -> 0.0965
G25: KEY INSIGHTS
G26: ="Top customer: "&INDEX(Analysis!$J$4:$J$33,MATCH(MAX(Analysis!$K$4:$K$33),Analysis!$K$4:$K$33,0))&" | Top product: "&INDEX(Analysis!$D$4:$D$8,MATCH(MAX(Analysis!$E$4:$E$8),Analysis!$E$4:$E$8,0))&" | Best region: "&INDEX(Analysis!$A$4:$A$8,MATCH(MAX(Analysis!$B$4:$B$8),Analysis!$B$4:$B$8,0)) -> Top customer: CUST027 | Top product: Furniture | Best region: Central
G31: Top 10 customers are highlighted in Analysis. Explore the discount impact on the What-If sheet. In Excel, insert native PivotTables, slicers, and a timeline from the SalesTransactions table when required.

Sheet Dataset
A1: Customer_ID | B1: Customer_Name | C1: Region | D1: Product_Category | E1: Sales | F1: Quantity | G1: Discount | H1: Order_Date | I1: Profit | J1: Timestamp | K1: Sales Growth | L1: Customer Abbreviation | M1: Sales Rank
A2: CUST030 | B2: Daniel Young | C2: Central | D2: Books | E2: 655.28 | F2: 10 | G2: 0.1 | H2: 45394.916 | I2: 138.93 | J2: =NOW() -> 46323.799 | L2: =LEFT(B2,1)&"."&LEFT(RIGHT(B2,LEN(B2)-FIND(" ",B2)),1)&"." -> D.Y. | M2: =_xlfn.RANK.EQ(E2,$E$2:$E$201,0) -> 160
A3: CUST030 | B3: Daniel Young | C3: East | D3: Clothing | E3: 1207.89 | F3: 10 | G3: 0 | H3: 45400.284 | I3: 306.21 | J3: =NOW() -> 46323.799 | L3: =LEFT(B3,1)&"."&LEFT(RIGHT(B3,LEN(B3)-FIND(" ",B3)),1)&"." -> D.Y. | M3: =_xlfn.RANK.EQ(E3,$E$2:$E$201,0) -> 68
A4: CUST002 | B4: George Smith | C4: North | D4: Office Supplies | E4: 830.6 | F4: 14 | G4: 0.2 | H4: 45402.231 | I4: 119.89 | J4: =NOW() -> 46323.799 | L4: =LEFT(B4,1)&"."&LEFT(RIGHT(B4,LEN(B4)-FIND(" ",B4)),1)&"." -> G.S. | M4: =_xlfn.RANK.EQ(E4,$E$2:$E$201,0) -> 132
A5: CUST025 | B5: Emily Davis | C5: South | D5: Books | E5: 950.84 | F5: 18 | G5: 0.15 | H5: 45404.196 | I5: 207.49 | J5: =NOW() -> 46323.799 | L5: =LEFT(B5,1)&"."&LEFT(RIGHT(B5,LEN(B5)-FIND(" ",B5)),1)&"." -> E.D. | M5: =_xlfn.RANK.EQ(E5,$E$2:$E$201,0) -> 107
A6: CUST020 | B6: Linda Jackson | C6: East | D6: Electronics | E6: 1002.03 | F6: 5 | G6: 0.15 | H6: 45406.237 | I6: 218.62 | J6: =NOW() -> 46323.799 | L6: =LEFT(B6,1)&"."&LEFT(RIGHT(B6,LEN(B6)-FIND(" ",B6)),1)&"." -> L.J. | M6: =_xlfn.RANK.EQ(E6,$E$2:$E$201,0) -> 97
A7: CUST007 | B7: Patricia Taylor | C7: West | D7: Clothing | E7: 883.88 | F7: 14 | G7: 0.15 | H7: 45406.419 | I7: 205.49 | J7: =NOW() -> 46323.799 | L7: =LEFT(B7,1)&"."&LEFT(RIGHT(B7,LEN(B7)-FIND(" ",B7)),1)&"." -> P.T. | M7: =_xlfn.RANK.EQ(E7,$E$2:$E$201,0) -> 123
A8: CUST015 | B8: Sarah Clark | C8: South | D8: Books | E8: 1127.72 | F8: 19 | G8: 0.15 | H8: 45406.817 | I8: 201.85 | J8: =NOW() -> 46323.799 | L8: =LEFT(B8,1)&"."&LEFT(RIGHT(B8,LEN(B8)-FIND(" ",B8)),1)&"." -> S.C. | M8: =_xlfn.RANK.EQ(E8,$E$2:$E$201,0) -> 79
A9: CUST002 | B9: George Smith | C9: Central | D9: Clothing | E9: 1343.8 | F9: 9 | G9: 0 | H9: 45407.474 | I9: 379.25 | J9: =NOW() -> 46323.799 | L9: =LEFT(B9,1)&"."&LEFT(RIGHT(B9,LEN(B9)-FIND(" ",B9)),1)&"." -> G.S. | M9: =_xlfn.RANK.EQ(E9,$E$2:$E$201,0) -> 42
A10: CUST025 | B10: Emily Davis | C10: North | D10: Books | E10: 414.59 | F10: 5 | G10: 0.2 | H10: 45407.635 | I10: 87.76 | J10: =NOW() -> 46323.799 | L10: =LEFT(B10,1)&"."&LEFT(RIGHT(B10,LEN(B10)-FIND(" ",B10)),1)&"." -> E.D. | M10: =_xlfn.RANK.EQ(E10,$E$2:$E$201,0) -> 199
A11: CUST006 | B11: David Lewis | C11: West | D11: Clothing | E11: 543.39 | F11: 6 | G11: 0.05 | H11: 45408.084 | I11: 119.46 | J11: =NOW() -> 46323.799 | L11: =LEFT(B11,1)&"."&LEFT(RIGHT(B11,LEN(B11)-FIND(" ",B11)),1)&"." -> D.L. | M11: =_xlfn.RANK.EQ(E11,$E$2:$E$201,0) -> 181
A12: CUST017 | B12: Michael Walker | C12: Central | D12: Office Supplies | E12: 1045.78 | F12: 6 | G12: 0.15 | H12: 45409.927 | I12: 217.49 | J12: =NOW() -> 46323.799 | L12: =LEFT(B12,1)&"."&LEFT(RIGHT(B12,LEN(B12)-FIND(" ",B12)),1)&"." -> M.W. | M12: =_xlfn.RANK.EQ(E12,$E$2:$E$201,0) -> 92
A13: CUST020 | B13: Linda Jackson | C13: South | D13: Books | E13: 1002.01 | F13: 3 | G13: 0.05 | H13: 45409.974 | I13: 241.87 | J13: =NOW() -> 46323.799 | L13: =LEFT(B13,1)&"."&LEFT(RIGHT(B13,LEN(B13)-FIND(" ",B13)),1)&"." -> L.J. | M13: =_xlfn.RANK.EQ(E13,$E$2:$E$201,0) -> 98
... A201: CUST004 | B201: William Martin | C201: South | D201: Furniture | E201: 736.21 | F201: 1 | G201: 0.05 | H201: 45751.459 | I201: 174.27 | J201: =NOW() -> 46323.799 | L201: =LEFT(B201,1)&"."&LEFT(RIGHT(B201,LEN(B201)-FIND(" ",B201)),1)&"." -> W.M. | M201: =_xlfn.RANK.EQ(E201,$E$2:$E$201,0) -> 148

Sheet Analysis
A1: SALES ANALYSIS
A3: Region | B3: Sales | D3: Product Category | E3: Sales | G3: Month | H3: Sales | J3: Customer | K3: Total Purchase | M3: Statistic | N3: Value
A4: North | B4: =SUMIF(Dataset!$C$2:$C$201,A4,Dataset!$E$2:$E$201) -> 39877.18 | D4: Books | E4: =SUMIF(Dataset!$D$2:$D$201,D4,Dataset!$E$2:$E$201) -> 42009.47 | G4: 45383 | H4: =SUMIFS(Dataset!$E$2:$E$201,Dataset!$H$2:$H$201,">="&G4,Dataset!$H$2:$H$201,"<"&EDATE(G4,1)) -> 16931.91 | J4: CUST001 | K4: =SUMIF(Dataset!$A$2:$A$201,J4,Dataset!$E$2:$E$201) -> 4065.59 | M4: Mean sales | N4: =AVERAGE(Dataset!$E$2:$E$201) -> 1003.5814
A5: South | B5: =SUMIF(Dataset!$C$2:$C$201,A5,Dataset!$E$2:$E$201) -> 40262.53 | D5: Clothing | E5: =SUMIF(Dataset!$D$2:$D$201,D5,Dataset!$E$2:$E$201) -> 35506.62 | G5: 45413 | H5: =SUMIFS(Dataset!$E$2:$E$201,Dataset!$H$2:$H$201,">="&G5,Dataset!$H$2:$H$201,"<"&EDATE(G5,1)) -> 20842.24 | J5: CUST002 | K5: =SUMIF(Dataset!$A$2:$A$201,J5,Dataset!$E$2:$E$201) -> 9303.61 | M5: Median sales | N5: =MEDIAN(Dataset!$E$2:$E$201) -> 994.755
A6: East | B6: =SUMIF(Dataset!$C$2:$C$201,A6,Dataset!$E$2:$E$201) -> 36219.86 | D6: Electronics | E6: =SUMIF(Dataset!$D$2:$D$201,D6,Dataset!$E$2:$E$201) -> 40748.07 | G6: 45444 | H6: =SUMIFS(Dataset!$E$2:$E$201,Dataset!$H$2:$H$201,">="&G6,Dataset!$H$2:$H$201,"<"&EDATE(G6,1)) -> 17943.51 | J6: CUST003 | K6: =SUMIF(Dataset!$A$2:$A$201,J6,Dataset!$E$2:$E$201) -> 9714 | M6: Sales standard deviation | N6: =_xlfn.STDEV.S(Dataset!$E$2:$E$201) -> 337.04422
A7: West | B7: =SUMIF(Dataset!$C$2:$C$201,A7,Dataset!$E$2:$E$201) -> 37084.56 | D7: Furniture | E7: =SUMIF(Dataset!$D$2:$D$201,D7,Dataset!$E$2:$E$201) -> 43085.22 | G7: 45474 | H7: =SUMIFS(Dataset!$E$2:$E$201,Dataset!$H$2:$H$201,">="&G7,Dataset!$H$2:$H$201,"<"&EDATE(G7,1)) -> 22256.17 | J7: CUST004 | K7: =SUMIF(Dataset!$A$2:$A$201,J7,Dataset!$E$2:$E$201) -> 6802.41 | M7: Mean profit | N7: =AVERAGE(Dataset!$I$2:$I$201) -> 239.1069
A8: Central | B8: =SUMIF(Dataset!$C$2:$C$201,A8,Dataset!$E$2:$E$201) -> 47272.15 | D8: Office Supplies | E8: =SUMIF(Dataset!$D$2:$D$201,D8,Dataset!$E$2:$E$201) -> 39366.9 | G8: 45505 | H8: =SUMIFS(Dataset!$E$2:$E$201,Dataset!$H$2:$H$201,">="&G8,Dataset!$H$2:$H$201,"<"&EDATE(G8,1)) -> 10109.86 | J8: CUST005 | K8: =SUMIF(Dataset!$A$2:$A$201,J8,Dataset!$E$2:$E$201) -> 8478.28 | M8: Total profit | N8: =SUM(Dataset!$I$2:$I$201) -> 47821.38
G9: 45536 | H9: =SUMIFS(Dataset!$E$2:$E$201,Dataset!$H$2:$H$201,">="&G9,Dataset!$H$2:$H$201,"<"&EDATE(G9,1)) -> 23294.48 | J9: CUST006 | K9: =SUMIF(Dataset!$A$2:$A$201,J9,Dataset!$E$2:$E$201) -> 4307.25 | M9: Average discount | N9: =AVERAGE(Dataset!$G$2:$G$201) -> 0.0965
G10: 45566 | H10: =SUMIFS(Dataset!$E$2:$E$201,Dataset!$H$2:$H$201,">="&G10,Dataset!$H$2:$H$201,"<"&EDATE(G10,1)) -> 9095.4 | J10: CUST007 | K10: =SUMIF(Dataset!$A$2:$A$201,J10,Dataset!$E$2:$E$201) -> 4839.32 | M10: Total transactions | N10: =COUNT(Dataset!$E$2:$E$201) -> 200
G11: 45597 | H11: =SUMIFS(Dataset!$E$2:$E$201,Dataset!$H$2:$H$201,">="&G11,Dataset!$H$2:$H$201,"<"&EDATE(G11,1)) -> 17818.67 | J11: CUST008 | K11: =SUMIF(Dataset!$A$2:$A$201,J11,Dataset!$E$2:$E$201) -> 10264.02
G12: 45627 | H12: =SUMIFS(Dataset!$E$2:$E$201,Dataset!$H$2:$H$201,">="&G12,Dataset!$H$2:$H$201,"<"&EDATE(G12,1)) -> 16844.39 | J12: CUST009 | K12: =SUMIF(Dataset!$A$2:$A$201,J12,Dataset!$E$2:$E$201) -> 2461.07
G13: 45658 | H13: =SUMIFS(Dataset!$E$2:$E$201,Dataset!$H$2:$H$201,">="&G13,Dataset!$H$2:$H$201,"<"&EDATE(G13,1)) -> 5975.79 | J13: CUST010 | K13: =SUMIF(Dataset!$A$2:$A$201,J13,Dataset!$E$2:$E$201) -> 3426.68
G14: 45689 | H14: =SUMIFS(Dataset!$E$2:$E$201,Dataset!$H$2:$H$201,">="&G14,Dataset!$H$2:$H$201,"<"&EDATE(G14,1)) -> 16225.04 | J14: CUST011 | K14: =SUMIF(Dataset!$A$2:$A$201,J14,Dataset!$E$2:$E$201) -> 6671.51
G15: 45717 | H15: =SUMIFS(Dataset!$E$2:$E$201,Dataset!$H$2:$H$201,">="&G15,Dataset!$H$2:$H$201,"<"&EDATE(G15,1)) -> 21996.06 | J15: CUST012 | K15: =SUMIF(Dataset!$A$2:$A$201,J15,Dataset!$E$2:$E$201) -> 4136.86
G16: 45748 | H16: =SUMIFS(Dataset!$E$2:$E$201,Dataset!$H$2:$H$201,">="&G16,Dataset!$H$2:$H$201,"<"&EDATE(G16,1)) -> 1382.76 | J16: CUST013 | K16: =SUMIF(Dataset!$A$2:$A$201,J16,Dataset!$E$2:$E$201) -> 3776.81
J17: CUST014 | K17: =SUMIF(Dataset!$A$2:$A$201,J17,Dataset!$E$2:$E$201) -> 8953.58
J18: CUST015 | K18: =SUMIF(Dataset!$A$2:$A$201,J18,Dataset!$E$2:$E$201) -> 5233.67
J19: CUST016 | K19: =SUMIF(Dataset!$A$2:$A$201,J19,Dataset!$E$2:$E$201) -> 2464.1
J20: CUST017 | K20: =SUMIF(Dataset!$A$2:$A$201,J20,Dataset!$E$2:$E$201) -> 8745.68
J21: CUST018 | K21: =SUMIF(Dataset!$A$2:$A$201,J21,Dataset!$E$2:$E$201) -> 4089.87
J22: CUST019 | K22: =SUMIF(Dataset!$A$2:$A$201,J22,Dataset!$E$2:$E$201) -> 9340.62
J23: CUST020 | K23: =SUMIF(Dataset!$A$2:$A$201,J23,Dataset!$E$2:$E$201) -> 9479.75
J24: CUST021 | K24: =SUMIF(Dataset!$A$2:$A$201,J24,Dataset!$E$2:$E$201) -> 560.96
J25: CUST022 | K25: =SUMIF(Dataset!$A$2:$A$201,J25,Dataset!$E$2:$E$201) -> 10709.36
J26: CUST023 | K26: =SUMIF(Dataset!$A$2:$A$201,J26,Dataset!$E$2:$E$201) -> 7290.21
J27: CUST024 | K27: =SUMIF(Dataset!$A$2:$A$201,J27,Dataset!$E$2:$E$201) -> 4380.68
J28: CUST025 | K28: =SUMIF(Dataset!$A$2:$A$201,J28,Dataset!$E$2:$E$201) -> 5262.72
... J33: CUST030 | K33: =SUMIF(Dataset!$A$2:$A$201,J33,Dataset!$E$2:$E$201) -> 9268.27

Sheet What-If
A1: DISCOUNT SCENARIO ANALYSIS
A3: Scenario control | B3: Value | D3: Change the yellow discount input in B5. The modeled effect applies 45% of the discount change to sales as a profit sensitivity proxy. Actual profit behavior may differ.
A4: Current average discount | B4: =AVERAGE(Dataset!$G$2:$G$201) -> 0.0965
A5: New discount assumption | B5: 0.1
A6: Sales (fixed volume) | B6: =SUM(Dataset!$E$2:$E$201) -> 200716.28
A7: Estimated profit at current discount | B7: =SUM(Dataset!$I$2:$I$201) -> 47821.38
A8: Estimated profit at new discount | B8: =B7+(B4-B5)*B6*0.45 -> 47505.252

Sheet Read Me
A1: PR. 2 ANALYZER | PROJECT README
A3: Project | B3: Sales analysis and interactive dashboard
A4: Data source | B4: Simulated 200-row dataset derived from screenshot field names/ranges; original Google Sheet was view-only and not downloadable in this workspace.
A5: Important | B5: Replace the rows in Dataset (A2:I201) with the original transactions before using submitted metrics. Keep the same nine columns and formats.
A8: Dashboard | B8: KPIs, region and time series charts, product mix, and automatically generated key insight.
A9: Dataset | B9: 200 simulated transactions matching the visible schema. Includes NOW timestamp, customer abbreviation, and sales ranking.
A10: Analysis | B10: Formula-driven grouped sales summaries, customer totals, and descriptive statistics. Top 10 customers are conditionally highlighted.
A11: What-If | B11: Editable new discount assumption in B5; estimated profit sensitivity calculated from sales and current average discount.
A12: Pivot tables | B12: Analysis sheet provides pivot-style formula summaries. To create native pivots: select SalesTransactions in Dataset, then Insert > PivotTable; use Region/Product_Category as Rows and Sum of Sales as Values.
A13: Charts & dashboard | B13: Dashboard includes region bar chart, monthly sales line chart, and product category pie chart.
A14: Regression / ToolPak | B14: In Excel, enable Analysis ToolPak (File > Options > Add-ins > Excel Add-ins > Go > Analysis ToolPak). Run Data > Data Analysis > Regression with Profit as Y and Sales as X; use descriptive statistics on Sales/Profit.
A15: What-if tools | B15: The editable formula-driven discount scenario shows one sensitivity case. Excel Scenario Manager and Goal Seek can be run from Data > What-If Analysis.
A16: Refresh timestamp | B16: Dataset column J uses NOW(); it updates when workbook calculations run.
